{"cameraMode":{"drawMode":0,"name":"Shaded","section":"Shading Mode"},"sceneLighting":true,"audioPlay":false,"sceneViewState":{"showFog":true,"showMaterialUpdate":false,"showSkybox":true,"showFlares":true,"showImageEffects":true,"showParticleSystems":true},"in2DMode":false,"pivot":{"x":30.983583450317384,"y":-130.98165893554688,"z":-1.1825904846191407},"rotation":{"x":-0.6133424639701843,"y":0.006394998170435429,"z":-0.004966632928699255,"w":-0.7897775173187256},"size":258.75958251953127,"orthographic":false}